asset,announcement_date,ex_date,record_date,pay_date,amount_per_share,amount_per_10,currency,source_url,source_sha256,source_type,pay_date_assumed,adjustment_price_date,adjustment_factor,status,message
dividend_low_vol,,,,,,,,https://www.csindex.com.cn/csindex-home/perf/index-perf?indexCode=H20269&startDate=20050101&endDate=20260819,77e59dcf1132078794cc85cfc2dfe6f4ef7a36b9b2345f05f66f67a070681f71,,,,,verified,H20269 is a total-return index; distributions are embedded in the index level and are not booked as a separate ETF cash dividend.
gold,,,,,,,,https://www.spdrgoldshares.com/media/GLD/file/singapore/GLD-Sing-Product-Highlights-Sheet-Sept-2025.pdf,5a40c30206ea04f3baefa8ae91605e0443e3ba7f46e789e4f828f0abd9ed6c57,,,,,verified_no_distribution,The issuer's official product statement says no distributions have been made since inception.
long_bond,2025-09-18,2025-09-23,2025-09-22,2025-09-26,1.3599999999999999,13.6,CNY,https://www.sse.com.cn/disclosure/fund/announcement/c/new/2025-09-18/511260_20250918_HDYX.pdf,196b4161ac1f27f88b5a7281527715c01894e0e379110677bf346a3842c08956,,,2025-09-23,0.9899619884120012,applied,
long_bond,2025-12-23,2025-12-26,2025-12-25,2025-12-31,0.833,8.33,CNY,https://www.sse.com.cn/disclosure/fund/announcement/c/new/2025-12-23/511260_20251223_ZED8.pdf,f4133587e9a40c2b5d9321837ba02eccce02b2c7e9505a0f0b5ae6430d22593e,,,2025-12-26,0.9938345619800456,applied,
long_bond,2026-03-20,2026-03-25,2026-03-24,2026-03-30,0.6711,6.711,CNY,https://www.sse.com.cn/disclosure/fund/announcement/c/new/2026-03-20/511260_20260320_QYES.pdf,7790158723692d951aee24bfae92c969cd8258bbcbb997ff71885cff93f07529,,,2026-03-25,0.9950285611421791,applied,
long_bond,2026-06-22,2026-06-25,2026-06-24,2026-06-30,1.2686,12.686,CNY,https://www.sse.com.cn/disclosure/fund/announcement/c/new/2026-06-22/511260_20260622_BWI3.pdf,989e2e77f4cddc8e839d80a72f6569fa575b993ed879a2db2bd5dba0b1b98d20,,,2026-06-25,0.9906728543741858,applied,
nasdaq100,,2005-06-17,,2005-06-17,0.035,,USD,https://query2.finance.yahoo.com/v8/finance/chart/QQQ?period1=1104537600&period2=1787103228&interval=1d&events=history%2Cdiv&includeAdjustedClose=true,f3e386fbedd190ee9f84132f882eaef1207e8baba1349a8efd01fd4b863d9e42,Yahoo Finance chart dividend event,True,2005-06-17,0.9990766389398166,applied,Yahoo chart provides ex-date and amount but no payment date; cash is credited on ex-date.
nasdaq100,,2005-12-16,,2005-12-16,0.101,,USD,https://query2.finance.yahoo.com/v8/finance/chart/QQQ?period1=1104537600&period2=1787103228&interval=1d&events=history%2Cdiv&includeAdjustedClose=true,f3e386fbedd190ee9f84132f882eaef1207e8baba1349a8efd01fd4b863d9e42,Yahoo Finance chart dividend event,True,2005-12-16,0.9975768336757024,applied,Yahoo chart provides ex-date and amount but no payment date; cash is credited on ex-date.
nasdaq100,,2006-03-17,,2006-03-17,0.029,,USD,https://query2.finance.yahoo.com/v8/finance/chart/QQQ?period1=1104537600&period2=1787103228&interval=1d&events=history%2Cdiv&includeAdjustedClose=true,f3e386fbedd190ee9f84132f882eaef1207e8baba1349a8efd01fd4b863d9e42,Yahoo Finance chart dividend event,True,2006-03-17,0.9993008510459125,applied,Yahoo chart provides ex-date and amount but no payment date; cash is credited on ex-date.
nasdaq100,,2006-06-16,,2006-06-16,0.026,,USD,https://query2.finance.yahoo.com/v8/finance/chart/QQQ?period1=1104537600&period2=1787103228&interval=1d&events=history%2Cdiv&includeAdjustedClose=true,f3e386fbedd190ee9f84132f882eaef1207e8baba1349a8efd01fd4b863d9e42,Yahoo Finance chart dividend event,True,2006-06-16,0.9993223166372153,applied,Yahoo chart provides ex-date and amount but no payment date; cash is credited on ex-date.
nasdaq100,,2006-09-15,,2006-09-15,0.023,,USD,https://query2.finance.yahoo.com/v8/finance/chart/QQQ?period1=1104537600&period2=1787103228&interval=1d&events=history%2Cdiv&includeAdjustedClose=true,f3e386fbedd190ee9f84132f882eaef1207e8baba1349a8efd01fd4b863d9e42,Yahoo Finance chart dividend event,True,2006-09-15,0.9994269055477982,applied,Yahoo chart provides ex-date and amount but no payment date; cash is credited on ex-date.
nasdaq100,,2006-12-15,,2006-12-15,0.054,,USD,https://query2.finance.yahoo.com/v8/finance/chart/QQQ?period1=1104537600&period2=1787103228&interval=1d&events=history%2Cdiv&includeAdjustedClose=true,f3e386fbedd190ee9f84132f882eaef1207e8baba1349a8efd01fd4b863d9e42,Yahoo Finance chart dividend event,True,2006-12-15,0.9987860803967822,applied,Yahoo chart provides ex-date and amount but no payment date; cash is credited on ex-date.
nasdaq100,,2007-03-16,,2007-03-16,0.027,,USD,https://query2.finance.yahoo.com/v8/finance/chart/QQQ?period1=1104537600&period2=1787103228&interval=1d&events=history%2Cdiv&includeAdjustedClose=true,f3e386fbedd190ee9f84132f882eaef1207e8baba1349a8efd01fd4b863d9e42,Yahoo Finance chart dividend event,True,2007-03-16,0.9993699979269096,applied,Yahoo chart provides ex-date and amount but no payment date; cash is credited on ex-date.
nasdaq100,,2007-06-15,,2007-06-15,0.037,,USD,https://query2.finance.yahoo.com/v8/finance/chart/QQQ?period1=1104537600&period2=1787103228&interval=1d&events=history%2Cdiv&includeAdjustedClose=true,f3e386fbedd190ee9f84132f882eaef1207e8baba1349a8efd01fd4b863d9e42,Yahoo Finance chart dividend event,True,2007-06-15,0.9992258928112787,applied,Yahoo chart provides ex-date and amount but no payment date; cash is credited on ex-date.
nasdaq100,,2007-09-21,,2007-09-21,0.026,,USD,https://query2.finance.yahoo.com/v8/finance/chart/QQQ?period1=1104537600&period2=1787103228&interval=1d&events=history%2Cdiv&includeAdjustedClose=true,f3e386fbedd190ee9f84132f882eaef1207e8baba1349a8efd01fd4b863d9e42,Yahoo Finance chart dividend event,True,2007-09-21,0.9994839836525017,applied,Yahoo chart provides ex-date and amount but no payment date; cash is credited on ex-date.
nasdaq100,,2007-12-21,,2007-12-21,0.053,,USD,https://query2.finance.yahoo.com/v8/finance/chart/QQQ?period1=1104537600&period2=1787103228&interval=1d&events=history%2Cdiv&includeAdjustedClose=true,f3e386fbedd190ee9f84132f882eaef1207e8baba1349a8efd01fd4b863d9e42,Yahoo Finance chart dividend event,True,2007-12-21,0.9989788643901484,applied,Yahoo chart provides ex-date and amount but no payment date; cash is credited on ex-date.
nasdaq100,,2008-03-20,,2008-03-20,0.033,,USD,https://query2.finance.yahoo.com/v8/finance/chart/QQQ?period1=1104537600&period2=1787103228&interval=1d&events=history%2Cdiv&includeAdjustedClose=true,f3e386fbedd190ee9f84132f882eaef1207e8baba1349a8efd01fd4b863d9e42,Yahoo Finance chart dividend event,True,2008-03-20,0.9992347471214147,applied,Yahoo chart provides ex-date and amount but no payment date; cash is credited on ex-date.
nasdaq100,,2008-06-20,,2008-06-20,0.034,,USD,https://query2.finance.yahoo.com/v8/finance/chart/QQQ?period1=1104537600&period2=1787103228&interval=1d&events=history%2Cdiv&includeAdjustedClose=true,f3e386fbedd190ee9f84132f882eaef1207e8baba1349a8efd01fd4b863d9e42,Yahoo Finance chart dividend event,True,2008-06-20,0.9992835166411278,applied,Yahoo chart provides ex-date and amount but no payment date; cash is credited on ex-date.
nasdaq100,,2008-09-19,,2008-09-19,0.028,,USD,https://query2.finance.yahoo.com/v8/finance/chart/QQQ?period1=1104537600&period2=1787103228&interval=1d&events=history%2Cdiv&includeAdjustedClose=true,f3e386fbedd190ee9f84132f882eaef1207e8baba1349a8efd01fd4b863d9e42,Yahoo Finance chart dividend event,True,2008-09-19,0.9993477450846828,applied,Yahoo chart provides ex-date and amount but no payment date; cash is credited on ex-date.
nasdaq100,,2008-12-19,,2008-12-19,0.043,,USD,https://query2.finance.yahoo.com/v8/finance/chart/QQQ?period1=1104537600&period2=1787103228&interval=1d&events=history%2Cdiv&includeAdjustedClose=true,f3e386fbedd190ee9f84132f882eaef1207e8baba1349a8efd01fd4b863d9e42,Yahoo Finance chart dividend event,True,2008-12-19,0.9985620172182615,applied,Yahoo chart provides ex-date and amount but no payment date; cash is credited on ex-date.
nasdaq100,,2009-03-20,,2009-03-20,0.049,,USD,https://query2.finance.yahoo.com/v8/finance/chart/QQQ?period1=1104537600&period2=1787103228&interval=1d&events=history%2Cdiv&includeAdjustedClose=true,f3e386fbedd190ee9f84132f882eaef1207e8baba1349a8efd01fd4b863d9e42,Yahoo Finance chart dividend event,True,2009-03-20,0.9983235827606692,applied,Yahoo chart provides ex-date and amount but no payment date; cash is credited on ex-date.
nasdaq100,,2009-06-19,,2009-06-19,0.044,,USD,https://query2.finance.yahoo.com/v8/finance/chart/QQQ?period1=1104537600&period2=1787103228&interval=1d&events=history%2Cdiv&includeAdjustedClose=true,f3e386fbedd190ee9f84132f882eaef1207e8baba1349a8efd01fd4b863d9e42,Yahoo Finance chart dividend event,True,2009-06-19,0.998784664672814,applied,Yahoo chart provides ex-date and amount but no payment date; cash is credited on ex-date.
nasdaq100,,2009-09-18,,2009-09-18,0.041,,USD,https://query2.finance.yahoo.com/v8/finance/chart/QQQ?period1=1104537600&period2=1787103228&interval=1d&events=history%2Cdiv&includeAdjustedClose=true,f3e386fbedd190ee9f84132f882eaef1207e8baba1349a8efd01fd4b863d9e42,Yahoo Finance chart dividend event,True,2009-09-18,0.9990348626132762,applied,Yahoo chart provides ex-date and amount but no payment date; cash is credited on ex-date.
nasdaq100,,2009-12-18,,2009-12-18,0.073,,USD,https://query2.finance.yahoo.com/v8/finance/chart/QQQ?period1=1104537600&period2=1787103228&interval=1d&events=history%2Cdiv&includeAdjustedClose=true,f3e386fbedd190ee9f84132f882eaef1207e8baba1349a8efd01fd4b863d9e42,Yahoo Finance chart dividend event,True,2009-12-18,0.9983607661396995,applied,Yahoo chart provides ex-date and amount but no payment date; cash is credited on ex-date.
nasdaq100,,2010-03-19,,2010-03-19,0.051,,USD,https://query2.finance.yahoo.com/v8/finance/chart/QQQ?period1=1104537600&period2=1787103228&interval=1d&events=history%2Cdiv&includeAdjustedClose=true,f3e386fbedd190ee9f84132f882eaef1207e8baba1349a8efd01fd4b863d9e42,Yahoo Finance chart dividend event,True,2010-03-19,0.9989272417871013,applied,Yahoo chart provides ex-date and amount but no payment date; cash is credited on ex-date.
nasdaq100,,2010-06-18,,2010-06-18,0.089,,USD,https://query2.finance.yahoo.com/v8/finance/chart/QQQ?period1=1104537600&period2=1787103228&interval=1d&events=history%2Cdiv&includeAdjustedClose=true,f3e386fbedd190ee9f84132f882eaef1207e8baba1349a8efd01fd4b863d9e42,Yahoo Finance chart dividend event,True,2010-06-18,0.998109961986876,applied,Yahoo chart provides ex-date and amount but no payment date; cash is credited on ex-date.
nasdaq100,,2010-06-25,,2010-06-25,0.089,,USD,https://query2.finance.yahoo.com/v8/finance/chart/QQQ?period1=1104537600&period2=1787103228&interval=1d&events=history%2Cdiv&includeAdjustedClose=true,f3e386fbedd190ee9f84132f882eaef1207e8baba1349a8efd01fd4b863d9e42,Yahoo Finance chart dividend event,True,2010-06-25,0.9980378756343435,applied,Yahoo chart provides ex-date and amount but no payment date; cash is credited on ex-date.
nasdaq100,,2010-09-17,,2010-09-17,0.112,,USD,https://query2.finance.yahoo.com/v8/finance/chart/QQQ?period1=1104537600&period2=1787103228&interval=1d&events=history%2Cdiv&includeAdjustedClose=true,f3e386fbedd190ee9f84132f882eaef1207e8baba1349a8efd01fd4b863d9e42,Yahoo Finance chart dividend event,True,2010-09-17,0.9976716145671306,applied,Yahoo chart provides ex-date and amount but no payment date; cash is credited on ex-date.
nasdaq100,,2010-12-17,,2010-12-17,0.108,,USD,https://query2.finance.yahoo.com/v8/finance/chart/QQQ?period1=1104537600&period2=1787103228&interval=1d&events=history%2Cdiv&includeAdjustedClose=true,f3e386fbedd190ee9f84132f882eaef1207e8baba1349a8efd01fd4b863d9e42,Yahoo Finance chart dividend event,True,2010-12-17,0.9980229918888666,applied,Yahoo chart provides ex-date and amount but no payment date; cash is credited on ex-date.
nasdaq100,,2011-03-18,,2011-03-18,0.077,,USD,https://query2.finance.yahoo.com/v8/finance/chart/QQQ?period1=1104537600&period2=1787103228&interval=1d&events=history%2Cdiv&includeAdjustedClose=true,f3e386fbedd190ee9f84132f882eaef1207e8baba1349a8efd01fd4b863d9e42,Yahoo Finance chart dividend event,True,2011-03-18,0.9985878555775558,applied,Yahoo chart provides ex-date and amount but no payment date; cash is credited on ex-date.
nasdaq100,,2011-06-17,,2011-06-17,0.121,,USD,https://query2.finance.yahoo.com/v8/finance/chart/QQQ?period1=1104537600&period2=1787103228&interval=1d&events=history%2Cdiv&includeAdjustedClose=true,f3e386fbedd190ee9f84132f882eaef1207e8baba1349a8efd01fd4b863d9e42,Yahoo Finance chart dividend event,True,2011-06-17,0.9977555601278931,applied,Yahoo chart provides ex-date and amount but no payment date; cash is credited on ex-date.
nasdaq100,,2011-09-16,,2011-09-16,0.104,,USD,https://query2.finance.yahoo.com/v8/finance/chart/QQQ?period1=1104537600&period2=1787103228&interval=1d&events=history%2Cdiv&includeAdjustedClose=true,f3e386fbedd190ee9f84132f882eaef1207e8baba1349a8efd01fd4b863d9e42,Yahoo Finance chart dividend event,True,2011-09-16,0.998165590720004,applied,Yahoo chart provides ex-date and amount but no payment date; cash is credited on ex-date.
nasdaq100,,2011-12-16,,2011-12-16,0.161,,USD,https://query2.finance.yahoo.com/v8/finance/chart/QQQ?period1=1104537600&period2=1787103228&interval=1d&events=history%2Cdiv&includeAdjustedClose=true,f3e386fbedd190ee9f84132f882eaef1207e8baba1349a8efd01fd4b863d9e42,Yahoo Finance chart dividend event,True,2011-12-16,0.9970738445645477,applied,Yahoo chart provides ex-date and amount but no payment date; cash is credited on ex-date.
nasdaq100,,2011-12-27,,2011-12-27,0.049,,USD,https://query2.finance.yahoo.com/v8/finance/chart/QQQ?period1=1104537600&period2=1787103228&interval=1d&events=history%2Cdiv&includeAdjustedClose=true,f3e386fbedd190ee9f84132f882eaef1207e8baba1349a8efd01fd4b863d9e42,Yahoo Finance chart dividend event,True,2011-12-27,0.9991294924667541,applied,Yahoo chart provides ex-date and amount but no payment date; cash is credited on ex-date.
nasdaq100,,2012-03-16,,2012-03-16,0.113,,USD,https://query2.finance.yahoo.com/v8/finance/chart/QQQ?period1=1104537600&period2=1787103228&interval=1d&events=history%2Cdiv&includeAdjustedClose=true,f3e386fbedd190ee9f84132f882eaef1207e8baba1349a8efd01fd4b863d9e42,Yahoo Finance chart dividend event,True,2012-03-16,0.998304143507078,applied,Yahoo chart provides ex-date and amount but no payment date; cash is credited on ex-date.
nasdaq100,,2012-06-15,2012-06-19,2012-07-31,0.14312,,USD,https://api.nasdaq.com/api/quote/QQQ/dividends?assetclass=etf,56f47aeaad32fb82832c9b02e7acfb4549ddc60f53620b212d5167fb799f8148,,,2012-06-15,0.9977330441423615,applied,
nasdaq100,,2012-09-21,,2012-09-21,0.2,,USD,https://query2.finance.yahoo.com/v8/finance/chart/QQQ?period1=1104537600&period2=1787103228&interval=1d&events=history%2Cdiv&includeAdjustedClose=true,f3e386fbedd190ee9f84132f882eaef1207e8baba1349a8efd01fd4b863d9e42,Yahoo Finance chart dividend event,True,2012-09-21,0.9971570718456,applied,Yahoo chart provides ex-date and amount but no payment date; cash is credited on ex-date.
nasdaq100,,2012-12-21,,2012-12-21,0.367,,USD,https://query2.finance.yahoo.com/v8/finance/chart/QQQ?period1=1104537600&period2=1787103228&interval=1d&events=history%2Cdiv&includeAdjustedClose=true,f3e386fbedd190ee9f84132f882eaef1207e8baba1349a8efd01fd4b863d9e42,Yahoo Finance chart dividend event,True,2012-12-21,0.9944026718153691,applied,Yahoo chart provides ex-date and amount but no payment date; cash is credited on ex-date.
nasdaq100,,2013-03-15,2013-03-19,2013-04-30,0.15931,,USD,https://api.nasdaq.com/api/quote/QQQ/dividends?assetclass=etf,56f47aeaad32fb82832c9b02e7acfb4549ddc60f53620b212d5167fb799f8148,,,2013-03-15,0.9976800408356508,applied,
nasdaq100,,2013-06-21,2013-06-25,2013-07-31,0.22361,,USD,https://api.nasdaq.com/api/quote/QQQ/dividends?assetclass=etf,56f47aeaad32fb82832c9b02e7acfb4549ddc60f53620b212d5167fb799f8148,,,2013-06-21,0.9968351228049898,applied,
nasdaq100,,2013-09-20,2013-09-24,2013-10-31,0.23771,,USD,https://api.nasdaq.com/api/quote/QQQ/dividends?assetclass=etf,56f47aeaad32fb82832c9b02e7acfb4549ddc60f53620b212d5167fb799f8148,,,2013-09-20,0.9969996607700838,applied,
nasdaq100,,2013-12-20,2013-12-24,2013-12-31,0.27241,,USD,https://api.nasdaq.com/api/quote/QQQ/dividends?assetclass=etf,56f47aeaad32fb82832c9b02e7acfb4549ddc60f53620b212d5167fb799f8148,,,2013-12-20,0.996860638076089,applied,
nasdaq100,,2014-02-27,2014-03-03,2014-03-07,0.37313,,USD,https://api.nasdaq.com/api/quote/QQQ/dividends?assetclass=etf,56f47aeaad32fb82832c9b02e7acfb4549ddc60f53620b212d5167fb799f8148,,,2014-02-27,0.9958912330191809,applied,
nasdaq100,,2014-03-21,2014-03-25,2014-04-30,0.20606,,USD,https://api.nasdaq.com/api/quote/QQQ/dividends?assetclass=etf,56f47aeaad32fb82832c9b02e7acfb4549ddc60f53620b212d5167fb799f8148,,,2014-03-21,0.9976900672443106,applied,
nasdaq100,,2014-06-20,2014-06-24,2014-07-31,0.2491,,USD,https://api.nasdaq.com/api/quote/QQQ/dividends?assetclass=etf,56f47aeaad32fb82832c9b02e7acfb4549ddc60f53620b212d5167fb799f8148,,,2014-06-20,0.9973220552661799,applied,
nasdaq100,,2014-09-19,2014-09-23,2014-10-31,0.2378,,USD,https://api.nasdaq.com/api/quote/QQQ/dividends?assetclass=etf,56f47aeaad32fb82832c9b02e7acfb4549ddc60f53620b212d5167fb799f8148,,,2014-09-19,0.9976271681075163,applied,
nasdaq100,,2014-12-19,2014-12-23,2014-12-31,0.38681,,USD,https://api.nasdaq.com/api/quote/QQQ/dividends?assetclass=etf,56f47aeaad32fb82832c9b02e7acfb4549ddc60f53620b212d5167fb799f8148,,,2014-12-19,0.9963057799093737,applied,
nasdaq100,,2015-03-20,2015-03-24,2015-04-30,0.24806,,USD,https://api.nasdaq.com/api/quote/QQQ/dividends?assetclass=etf,56f47aeaad32fb82832c9b02e7acfb4549ddc60f53620b212d5167fb799f8148,,,2015-03-20,0.9977195768817377,applied,
nasdaq100,,2015-06-19,2015-06-23,2015-07-31,0.25416,,USD,https://api.nasdaq.com/api/quote/QQQ/dividends?assetclass=etf,56f47aeaad32fb82832c9b02e7acfb4549ddc60f53620b212d5167fb799f8148,,,2015-06-19,0.9976924786442749,applied,
nasdaq100,,2015-09-18,2015-09-22,2015-10-30,0.26002,,USD,https://api.nasdaq.com/api/quote/QQQ/dividends?assetclass=etf,56f47aeaad32fb82832c9b02e7acfb4549ddc60f53620b212d5167fb799f8148,,,2015-09-18,0.9975379229758992,applied,
nasdaq100,,2015-12-18,2015-12-22,2015-12-31,0.34233,,USD,https://api.nasdaq.com/api/quote/QQQ/dividends?assetclass=etf,56f47aeaad32fb82832c9b02e7acfb4549ddc60f53620b212d5167fb799f8148,,,2015-12-18,0.9968927770311247,applied,
nasdaq100,,2016-03-18,2016-03-22,2016-04-29,0.3178,,USD,https://api.nasdaq.com/api/quote/QQQ/dividends?assetclass=etf,56f47aeaad32fb82832c9b02e7acfb4549ddc60f53620b212d5167fb799f8148,,,2016-03-18,0.9970488765496694,applied,
nasdaq100,,2016-06-17,2016-06-21,2016-07-29,0.28665,,USD,https://api.nasdaq.com/api/quote/QQQ/dividends?assetclass=etf,56f47aeaad32fb82832c9b02e7acfb4549ddc60f53620b212d5167fb799f8148,,,2016-06-17,0.9973154242455174,applied,
nasdaq100,,2016-09-16,2016-09-20,2016-10-31,0.29387,,USD,https://api.nasdaq.com/api/quote/QQQ/dividends?assetclass=etf,56f47aeaad32fb82832c9b02e7acfb4549ddc60f53620b212d5167fb799f8148,,,2016-09-16,0.997500762666581,applied,
nasdaq100,,2016-12-16,2016-12-20,2016-12-30,0.35494,,USD,https://api.nasdaq.com/api/quote/QQQ/dividends?assetclass=etf,56f47aeaad32fb82832c9b02e7acfb4549ddc60f53620b212d5167fb799f8148,,,2016-12-16,0.997041055545399,applied,
nasdaq100,,2017-03-17,2017-03-21,2017-04-28,0.27415,,USD,https://api.nasdaq.com/api/quote/QQQ/dividends?assetclass=etf,56f47aeaad32fb82832c9b02e7acfb4549ddc60f53620b212d5167fb799f8148,,,2017-03-17,0.9979225418802904,applied,
nasdaq100,,2017-06-16,2017-06-20,2017-07-31,0.37842,,USD,https://api.nasdaq.com/api/quote/QQQ/dividends?assetclass=etf,56f47aeaad32fb82832c9b02e7acfb4549ddc60f53620b212d5167fb799f8148,,,2017-06-16,0.9972682860551426,applied,
nasdaq100,,2017-09-18,2017-09-19,2017-10-31,0.31938,,USD,https://api.nasdaq.com/api/quote/QQQ/dividends?assetclass=etf,56f47aeaad32fb82832c9b02e7acfb4549ddc60f53620b212d5167fb799f8148,,,2017-09-18,0.9978105069527395,applied,
nasdaq100,,2017-12-18,2017-12-19,2017-12-29,0.32941,,USD,https://api.nasdaq.com/api/quote/QQQ/dividends?assetclass=etf,56f47aeaad32fb82832c9b02e7acfb4549ddc60f53620b212d5167fb799f8148,,,2017-12-18,0.9979278403230865,applied,
nasdaq100,,2018-03-19,2018-03-20,2018-04-30,0.27655,,USD,https://api.nasdaq.com/api/quote/QQQ/dividends?assetclass=etf,56f47aeaad32fb82832c9b02e7acfb4549ddc60f53620b212d5167fb799f8148,,,2018-03-19,0.9983477375419951,applied,
nasdaq100,,2018-06-18,2018-06-19,2018-07-31,0.37837,,USD,https://api.nasdaq.com/api/quote/QQQ/dividends?assetclass=etf,56f47aeaad32fb82832c9b02e7acfb4549ddc60f53620b212d5167fb799f8148,,,2018-06-18,0.9978608464110112,applied,
nasdaq100,,2018-09-24,2018-09-25,2018-10-31,0.32975,,USD,https://api.nasdaq.com/api/quote/QQQ/dividends?assetclass=etf,56f47aeaad32fb82832c9b02e7acfb4549ddc60f53620b212d5167fb799f8148,,,2018-09-24,0.998210018192444,applied,
nasdaq100,,2018-12-24,2018-12-26,2018-12-31,0.42061,,USD,https://api.nasdaq.com/api/quote/QQQ/dividends?assetclass=etf,56f47aeaad32fb82832c9b02e7acfb4549ddc60f53620b212d5167fb799f8148,,,2018-12-24,0.9970774859834182,applied,
nasdaq100,,2019-03-18,2019-03-19,2019-04-30,0.32421,,USD,https://api.nasdaq.com/api/quote/QQQ/dividends?assetclass=etf,56f47aeaad32fb82832c9b02e7acfb4549ddc60f53620b212d5167fb799f8148,,,2019-03-18,0.9981864833549849,applied,
nasdaq100,,2019-06-24,2019-06-25,2019-07-31,0.41558,,USD,https://api.nasdaq.com/api/quote/QQQ/dividends?assetclass=etf,56f47aeaad32fb82832c9b02e7acfb4549ddc60f53620b212d5167fb799f8148,,,2019-06-24,0.9977962152261205,applied,
nasdaq100,,2019-09-23,2019-09-24,2019-10-31,0.38415,,USD,https://api.nasdaq.com/api/quote/QQQ/dividends?assetclass=etf,56f47aeaad32fb82832c9b02e7acfb4549ddc60f53620b212d5167fb799f8148,,,2019-09-23,0.9979875227985141,applied,
nasdaq100,,2019-12-23,2019-12-24,2019-12-31,0.45765,,USD,https://api.nasdaq.com/api/quote/QQQ/dividends?assetclass=etf,56f47aeaad32fb82832c9b02e7acfb4549ddc60f53620b212d5167fb799f8148,,,2019-12-23,0.9978439955157383,applied,
nasdaq100,,2020-03-23,2020-03-24,2020-04-30,0.36269,,USD,https://api.nasdaq.com/api/quote/QQQ/dividends?assetclass=etf,56f47aeaad32fb82832c9b02e7acfb4549ddc60f53620b212d5167fb799f8148,,,2020-03-23,0.9978768043885439,applied,
nasdaq100,,2020-06-22,2020-06-23,2020-07-31,0.42426,,USD,https://api.nasdaq.com/api/quote/QQQ/dividends?assetclass=etf,56f47aeaad32fb82832c9b02e7acfb4549ddc60f53620b212d5167fb799f8148,,,2020-06-22,0.9982834897303885,applied,
nasdaq100,,2020-09-21,2020-09-22,2020-10-30,0.38824,,USD,https://api.nasdaq.com/api/quote/QQQ/dividends?assetclass=etf,56f47aeaad32fb82832c9b02e7acfb4549ddc60f53620b212d5167fb799f8148,,,2020-09-21,0.9985507930703554,applied,
nasdaq100,,2020-12-21,2020-12-22,2020-12-31,0.56133,,USD,https://api.nasdaq.com/api/quote/QQQ/dividends?assetclass=etf,56f47aeaad32fb82832c9b02e7acfb4549ddc60f53620b212d5167fb799f8148,,,2020-12-21,0.9981862234608948,applied,
nasdaq100,,2021-03-22,2021-03-23,2021-04-30,0.39468,,USD,https://api.nasdaq.com/api/quote/QQQ/dividends?assetclass=etf,56f47aeaad32fb82832c9b02e7acfb4549ddc60f53620b212d5167fb799f8148,,,2021-03-22,0.9987627767149894,applied,
nasdaq100,,2021-06-21,2021-06-22,2021-07-30,0.39679,,USD,https://api.nasdaq.com/api/quote/QQQ/dividends?assetclass=etf,56f47aeaad32fb82832c9b02e7acfb4549ddc60f53620b212d5167fb799f8148,,,2021-06-21,0.9988490726553658,applied,
nasdaq100,,2021-09-20,2021-09-21,2021-10-29,0.41391,,USD,https://api.nasdaq.com/api/quote/QQQ/dividends?assetclass=etf,56f47aeaad32fb82832c9b02e7acfb4549ddc60f53620b212d5167fb799f8148,,,2021-09-20,0.9988694502588025,applied,
nasdaq100,,2021-12-20,2021-12-21,2021-12-31,0.49141,,USD,https://api.nasdaq.com/api/quote/QQQ/dividends?assetclass=etf,56f47aeaad32fb82832c9b02e7acfb4549ddc60f53620b212d5167fb799f8148,,,2021-12-20,0.9987108238125973,applied,
nasdaq100,,2022-03-21,2022-03-22,2022-04-29,0.43369,,USD,https://api.nasdaq.com/api/quote/QQQ/dividends?assetclass=etf,56f47aeaad32fb82832c9b02e7acfb4549ddc60f53620b212d5167fb799f8148,,,2022-03-21,0.9987627016319559,applied,
nasdaq100,,2022-06-21,2022-06-22,2022-07-29,0.5274,,USD,https://api.nasdaq.com/api/quote/QQQ/dividends?assetclass=etf,56f47aeaad32fb82832c9b02e7acfb4549ddc60f53620b212d5167fb799f8148,,,2022-06-21,0.9981271798072503,applied,
nasdaq100,,2022-09-19,2022-09-20,2022-10-31,0.51856,,USD,https://api.nasdaq.com/api/quote/QQQ/dividends?assetclass=etf,56f47aeaad32fb82832c9b02e7acfb4549ddc60f53620b212d5167fb799f8148,,,2022-09-19,0.9982214816929836,applied,
nasdaq100,,2022-12-19,2022-12-20,2022-12-30,0.65541,,USD,https://api.nasdaq.com/api/quote/QQQ/dividends?assetclass=etf,56f47aeaad32fb82832c9b02e7acfb4549ddc60f53620b212d5167fb799f8148,,,2022-12-19,0.9975761949437327,applied,
nasdaq100,,2023-03-20,2023-03-21,2023-04-28,0.47223,,USD,https://api.nasdaq.com/api/quote/QQQ/dividends?assetclass=etf,56f47aeaad32fb82832c9b02e7acfb4549ddc60f53620b212d5167fb799f8148,,,2023-03-20,0.998458991771079,applied,
nasdaq100,,2023-06-20,2023-06-21,2023-07-31,0.50395,,USD,https://api.nasdaq.com/api/quote/QQQ/dividends?assetclass=etf,56f47aeaad32fb82832c9b02e7acfb4549ddc60f53620b212d5167fb799f8148,,,2023-06-20,0.9986283489647515,applied,
nasdaq100,,2023-09-18,2023-09-19,2023-10-31,0.53555,,USD,https://api.nasdaq.com/api/quote/QQQ/dividends?assetclass=etf,56f47aeaad32fb82832c9b02e7acfb4549ddc60f53620b212d5167fb799f8148,,,2023-09-18,0.9985572294853308,applied,
nasdaq100,,2023-12-18,2023-12-19,2023-12-29,0.80826,,USD,https://api.nasdaq.com/api/quote/QQQ/dividends?assetclass=etf,56f47aeaad32fb82832c9b02e7acfb4549ddc60f53620b212d5167fb799f8148,,,2023-12-18,0.9980184278247968,applied,
nasdaq100,,2023-12-27,2023-12-28,2024-01-15,0.21584,,USD,https://api.nasdaq.com/api/quote/QQQ/dividends?assetclass=etf,56f47aeaad32fb82832c9b02e7acfb4549ddc60f53620b212d5167fb799f8148,,,2023-12-27,0.9994757549284478,applied,
nasdaq100,,2024-03-18,2024-03-19,2024-04-30,0.57345,,USD,https://api.nasdaq.com/api/quote/QQQ/dividends?assetclass=etf,56f47aeaad32fb82832c9b02e7acfb4549ddc60f53620b212d5167fb799f8148,,,2024-03-18,0.9986909132079249,applied,
nasdaq100,,2024-06-24,2024-06-24,2024-07-31,0.7615,,USD,https://api.nasdaq.com/api/quote/QQQ/dividends?assetclass=etf,56f47aeaad32fb82832c9b02e7acfb4549ddc60f53620b212d5167fb799f8148,,,2024-06-24,0.998395901568168,applied,
nasdaq100,,2024-09-23,2024-09-23,2024-10-31,0.67686,,USD,https://api.nasdaq.com/api/quote/QQQ/dividends?assetclass=etf,56f47aeaad32fb82832c9b02e7acfb4549ddc60f53620b212d5167fb799f8148,,,2024-09-23,0.9986007103658882,applied,
nasdaq100,,2024-12-23,2024-12-23,2024-12-31,0.83466,,USD,https://api.nasdaq.com/api/quote/QQQ/dividends?assetclass=etf,56f47aeaad32fb82832c9b02e7acfb4549ddc60f53620b212d5167fb799f8148,,,2024-12-23,0.9984062391047236,applied,
nasdaq100,,2025-03-24,2025-03-24,2025-04-30,0.71571,,USD,https://api.nasdaq.com/api/quote/QQQ/dividends?assetclass=etf,56f47aeaad32fb82832c9b02e7acfb4549ddc60f53620b212d5167fb799f8148,,,2025-03-24,0.9985434567071579,applied,
nasdaq100,,2025-06-23,2025-06-23,2025-07-31,0.59111,,USD,https://api.nasdaq.com/api/quote/QQQ/dividends?assetclass=etf,56f47aeaad32fb82832c9b02e7acfb4549ddc60f53620b212d5167fb799f8148,,,2025-06-23,0.9988893943707475,applied,
nasdaq100,,2025-09-22,2025-09-22,2025-10-31,0.69395,,USD,https://api.nasdaq.com/api/quote/QQQ/dividends?assetclass=etf,56f47aeaad32fb82832c9b02e7acfb4549ddc60f53620b212d5167fb799f8148,,,2025-09-22,0.9988489684032336,applied,
nasdaq100,,2025-12-22,2025-12-22,2025-12-31,0.79408,,USD,https://api.nasdaq.com/api/quote/QQQ/dividends?assetclass=etf,56f47aeaad32fb82832c9b02e7acfb4549ddc60f53620b212d5167fb799f8148,,,2025-12-22,0.9987192342801063,applied,
nasdaq100,,2026-03-23,2026-03-23,2026-03-27,0.73282,,USD,https://api.nasdaq.com/api/quote/QQQ/dividends?assetclass=etf,56f47aeaad32fb82832c9b02e7acfb4549ddc60f53620b212d5167fb799f8148,,,2026-03-23,0.9987552587946431,applied,
nasdaq100,,2026-06-22,2026-06-22,2026-07-10,0.81349,,USD,https://api.nasdaq.com/api/quote/QQQ/dividends?assetclass=etf,56f47aeaad32fb82832c9b02e7acfb4549ddc60f53620b212d5167fb799f8148,,,2026-06-22,0.9988988492290568,applied,
